{"cameraMode":{"drawMode":0,"name":"Shaded","section":"Shading Mode"},"sceneLighting":true,"audioPlay":false,"sceneViewState":{"m_AlwaysRefresh":false,"showFog":true,"showSkybox":true,"showFlares":true,"showImageEffects":true,"showParticleSystems":true,"showVisualEffectGraphs":true,"m_FxEnabled":true},"in2DMode":false,"pivot":{"x":73.60691833496094,"y":20.46398162841797,"z":-0.8558273315429688},"rotation":{"x":0.019489990547299386,"y":0.029989799484610559,"z":-0.0005848751752637327,"w":0.9993600249290466},"size":34.74689483642578,"orthographic":true}