{"cameraMode":{"drawMode":0,"name":"Shaded","section":"Shading Mode"},"sceneLighting":true,"audioPlay":false,"sceneViewState":{"m_AlwaysRefresh":false,"showFog":true,"showSkybox":true,"showFlares":true,"showImageEffects":true,"showParticleSystems":true,"showVisualEffectGraphs":true,"m_FxEnabled":true},"in2DMode":false,"pivot":{"x":24.669204711914064,"y":13.02138900756836,"z":-36.81904220581055},"rotation":{"x":0.10401363670825958,"y":-0.2608632445335388,"z":0.028283216059207917,"w":0.9593394994735718},"size":6.204971790313721,"orthographic":true}