{"cameraMode":{"drawMode":0,"name":"Shaded","section":"Shading Mode"},"sceneLighting":true,"audioPlay":false,"sceneViewState":{"m_AlwaysRefresh":false,"showFog":true,"showSkybox":true,"showFlares":true,"showImageEffects":true,"showParticleSystems":true,"showVisualEffectGraphs":true,"m_FxEnabled":true},"in2DMode":false,"pivot":{"x":5.2266435623168949,"y":7.958120346069336,"z":-17.698575973510743},"rotation":{"x":0.20378056168556214,"y":-0.12735697627067567,"z":0.02674521692097187,"w":0.970343291759491},"size":9.254849433898926,"orthographic":true}